<application>
  <component name="CodeFoldingSettings">
    <option name="COLLAPSE_DOC_COMMENTS" value="true" />
  </component>
  <component name="CodeInsightSettings">
    <option name="REFORMAT_ON_PASTE" value="1" />
    <option name="INDENT_TO_CARET_ON_PASTE" value="true" />
  </component>
  <component name="EditorSettings">
    <option name="USE_SOFT_WRAPS" value="MAIN_EDITOR:CONSOLE" />
    <option name="SOFT_WRAP_FILE_MASKS" value="*.md; *.txt; *.rst; *.adoc; *.py" />
    <option name="IS_WHEEL_FONTCHANGE_ENABLED" value="true" />
    <option name="BIDI_TEXT_DIRECTION" value="RTL" />
  </component>
  <component name="TodoConfiguration">
    <pattern icon="important" useCustomColors="true" pattern="\btodo\b.*">
      <option name="FOREGROUND" value="dedede" />
      <option name="BACKGROUND" value="4196d2" />
      <option name="FONT_TYPE" value="1" />
      <option name="ERROR_STRIPE_COLOR" value="ab4148" />
    </pattern>
    <pattern icon="important" useCustomColors="true" pattern="fixme:">
      <option name="FOREGROUND" value="dedede" />
      <option name="BACKGROUND" value="f06090" />
      <option name="FONT_TYPE" value="1" />
      <option name="ERROR_STRIPE_COLOR" value="ab4148" />
    </pattern>
    <pattern icon="question" useCustomColors="true" pattern="task:">
      <option name="FOREGROUND" value="dedede" />
      <option name="BACKGROUND" value="46b46e" />
      <option name="FONT_TYPE" value="1" />
      <option name="ERROR_STRIPE_COLOR" value="ab4148" />
    </pattern>
  </component>
</application>