<application>
  <component name="FileTypeManager" version="18">
    <ignoreFiles list="*$py.class;*.pyc;*.pyo;*.rbc;*.yarb;*~;.DS_Store;.git;.hg;.svn;CVS;__pycache__;_svn;vssver.scc;vssver2.scc" />
    <extensionMap>
      <mapping pattern="TaskDoc.txt" type="AUTO_DETECTED" />
      <mapping pattern="Colors" type="AUTO_DETECTED" />
      <mapping pattern="XPGold.py" type="AUTO_DETECTED" />
      <mapping ext="pyc" type="PLAIN_TEXT" />
      <removed_mapping ext="css" approved="true" type="CSSCostume" />
      <removed_mapping pattern=".analysis_options" approved="true" type="YAML" />
    </extensionMap>
  </component>
</application>